"DESCRIPTION","DURATION IN MS","NAME","PARENT SUITE","START TIME","STATUS","STOP TIME","SUB SUITE","SUITE","TEST CLASS","TEST METHOD"
"1. Авторизовался в приложении
2. Выбрал временной интервал от 01-01-2020 23:00 до 07-10-2025 00:00
3. Перешел к агрегату БКПРУ-4/СОФ/РВК ""Б""/Насосное оборудование/4.2-2G28
4. Модуль Схема окно Состояние и прогнозирование
5. Меняю вид отображения на Шкала","31315","testStatusForecastingScaleWindowCoversEntireWorkArea","Мультибраузерное тестирование","Thu Feb 12 04:30:18 UTC 2026","broken","Thu Feb 12 04:30:49 UTC 2026","tests.SchemaTest","Браузер Chrome","tests.SchemaTest","testStatusForecastingScaleWindowCoversEntireWorkArea"
"","14187","testGetDataUnitSchema","Мультибраузерное тестирование","Thu Feb 12 05:03:38 UTC 2026","broken","Thu Feb 12 05:03:52 UTC 2026","tests.GettingAggregateDataLoadTimeTest","Браузер Yandex","tests.GettingAggregateDataLoadTimeTest","testGetDataUnitSchema"
"Попытка SQL-injection в поля логина/пароля не должна приводить к успешной аутентификации","1493","testSqlInjectionDoesNotBypassAuthentication","Мультибраузерное тестирование","Thu Feb 12 04:51:35 UTC 2026","passed","Thu Feb 12 04:51:36 UTC 2026","tests.SecuritySqlInjectionTest","Браузер Edge","tests.SecuritySqlInjectionTest","testSqlInjectionDoesNotBypassAuthentication"
"Проверка видимости пароля (иконка 'глаз') для поля Новый пароль на странице Cменить пароль","2720","testCheckingNewPasswordVisibility","Мультибраузерное тестирование","Thu Feb 12 05:11:23 UTC 2026","passed","Thu Feb 12 05:11:26 UTC 2026","tests.SetNewPasswordTest","Браузер Yandex","tests.SetNewPasswordTest","testCheckingNewPasswordVisibility"
"Проверить, что по умолчанию указывается временной интервал 'За смену (8 часов)'","4596","testDefaultTimeIntervalIsWorkDay","Мультибраузерное тестирование","Thu Feb 12 04:34:01 UTC 2026","passed","Thu Feb 12 04:34:06 UTC 2026","tests.TimeIntervalPannelTest","Браузер Chrome","tests.TimeIntervalPannelTest","testDefaultTimeIntervalIsWorkDay"
"1. Авторизовался в приложении
2. Выбрал временной интервал от 01-01-2020 23:00 до 07-10-2025 00:00
3. В меню Оборудование кликнул Список фильтров
4. Ввел частичный путь нажал ОК
5. Заполнил все остальные поля нажал ОК","42137","testPartialPathAndFillOthersAndOk","Мультибраузерное тестирование","Thu Feb 12 04:36:03 UTC 2026","passed","Thu Feb 12 04:36:45 UTC 2026","tests.TimeIntervalPannelTest","Браузер Chrome","tests.TimeIntervalPannelTest","testPartialPathAndFillOthersAndOk"
"Проверка видимости пароля (иконка 'глаз') для поля Новый пароль на странице Cменить пароль","2764","testCheckingNewPasswordVisibility","Мультибраузерное тестирование","Thu Feb 12 04:32:18 UTC 2026","passed","Thu Feb 12 04:32:21 UTC 2026","tests.SetNewPasswordTest","Браузер Chrome","tests.SetNewPasswordTest","testCheckingNewPasswordVisibility"
"1. Авторизовался в приложении
2. Выбрал временной интервал от 01-01-2020 23:00 до 07-10-2025 00:00
3. В меню Оборудование кликнул Список фильтров
4. Ввел частичный путь нажал ОК
5. Заполнил все остальные поля нажал ОК","33257","testPartialPathAndFillOthersAndOk","Мультибраузерное тестирование","Thu Feb 12 05:16:42 UTC 2026","passed","Thu Feb 12 05:17:15 UTC 2026","tests.TimeIntervalPannelTest","Браузер Yandex","tests.TimeIntervalPannelTest","testPartialPathAndFillOthersAndOk"
"Повторное использование пароля при смене пароля","1613","testPasswordReuse","Мультибраузерное тестирование","Thu Feb 12 05:12:32 UTC 2026","passed","Thu Feb 12 05:12:34 UTC 2026","tests.SetNewPasswordTest","Браузер Yandex","tests.SetNewPasswordTest","testPasswordReuse"
"Вход с валидными логином и паролем","6191","testLoginWithValidUsernameAndPassword","Мультибраузерное тестирование","Thu Feb 12 04:42:48 UTC 2026","passed","Thu Feb 12 04:42:54 UTC 2026","tests.AuthLoginTest","Браузер Edge","tests.AuthLoginTest","testLoginWithValidUsernameAndPassword"
"","20000","testGetDataUnitSchema","Мультибраузерное тестирование","Thu Feb 12 04:43:36 UTC 2026","passed","Thu Feb 12 04:43:56 UTC 2026","tests.GettingAggregateDataLoadTimeTest","Браузер Edge","tests.GettingAggregateDataLoadTimeTest","testGetDataUnitSchema"
"Проверить, что можно выбрать интервал 'За неделю'","12942","testSelectWeek","Мультибраузерное тестирование","Thu Feb 12 04:40:14 UTC 2026","passed","Thu Feb 12 04:40:26 UTC 2026","tests.TimeIntervalPannelTest","Браузер Chrome","tests.TimeIntervalPannelTest","testSelectWeek"
"Проверить, что при открытии выпадающего списка отображаются все ожидаемые варианты","5973","testDropdownContainsAllExpectedOptions","Мультибраузерное тестирование","Thu Feb 12 05:13:11 UTC 2026","passed","Thu Feb 12 05:13:17 UTC 2026","tests.TimeIntervalPannelTest","Браузер Yandex","tests.TimeIntervalPannelTest","testDropdownContainsAllExpectedOptions"
"Проверить, что можно выбрать интервал 'За сутки'","12975","testSelectFullDay","Мультибраузерное тестирование","Thu Feb 12 04:39:29 UTC 2026","passed","Thu Feb 12 04:39:42 UTC 2026","tests.TimeIntervalPannelTest","Браузер Chrome","tests.TimeIntervalPannelTest","testSelectFullDay"
"1. Авторизовался в приложении
2. Выбрал временной интервал от 01-01-2020 23:00 до 07-10-2025 00:00
3. В меню Оборудование кликнул Список фильтров
4. Ввел частичный путь нажал ОК
5. Заполнил все остальные поля нажал ОК","43104","testPartialPathAndFillOthersAndOk","Мультибраузерное тестирование","Thu Feb 12 04:37:48 UTC 2026","passed","Thu Feb 12 04:38:32 UTC 2026","tests.TimeIntervalPannelTest","Браузер Chrome","tests.TimeIntervalPannelTest","testPartialPathAndFillOthersAndOk"
"1. Авторизовался в приложении
2. Выбрал временной интервал от 01-01-2020 23:00 до 07-10-2025 00:00
3. Перешел к агрегату БКПРУ-4/СОФ/РВК ""Б""/Насосное оборудование/4.2-2G28
4. Модуль Схема окно Состояние и прогнозирование
5. Меняю вид отображения на Шкала","13278","testStatusForecastingScaleWindowCoversEntireWorkArea","Мультибраузерное тестирование","Thu Feb 12 04:50:05 UTC 2026","broken","Thu Feb 12 04:50:18 UTC 2026","tests.SchemaTest","Браузер Edge","tests.SchemaTest","testStatusForecastingScaleWindowCoversEntireWorkArea"
"1. Авторизовался в приложении
2. Выбрал временной интервал от 01-01-2020 23:00 до 07-10-2025 00:00
3. Перешел к станции БКПРУ-4
4. Модуль Схема
5. Данные отображаются Диаграмма
6. Данные отображаются Схема
7. Перешел к станции СКРУ-3
4. Модуль Схема
5. Данные отображаются Диаграмма
6. Данные отображаются Схема","53455","testStationDashboardDownloads","Мультибраузерное тестирование","Thu Feb 12 05:08:28 UTC 2026","passed","Thu Feb 12 05:09:22 UTC 2026","tests.SchemaTest","Браузер Yandex","tests.SchemaTest","testStationDashboardDownloads"
"1. Авторизовался в приложении
2. Выбрал временной интервал от 01-01-2020 23:00 до 07-10-2025 00:00
3. Перешел к агрегату БКПРУ-4/СОФ/РВК ""Б""/Насосное оборудование/4.2-2G08
4. Модуль Схема окно Данные измерений вид График
5. Выбран параметр Замеры тип измерения Спектр
6. Выбран параметр Замеры тип измерения Форма сигнала
7. Выбран параметр Замеры тип измерения Тренд
8. Выбран параметр Замеры тип измерения Орбита","51521","testMeasurementDataGraphParametersMeasurementType","Мультибраузерное тестирование","Thu Feb 12 04:26:17 UTC 2026","broken","Thu Feb 12 04:27:08 UTC 2026","tests.SchemaTest","Браузер Chrome","tests.SchemaTest","testMeasurementDataGraphParametersMeasurementType"
"Введенные данные сохраняются в значение поля","432","testEnteredDataSavedFieldValue","Мультибраузерное тестирование","Thu Feb 12 04:22:46 UTC 2026","passed","Thu Feb 12 04:22:47 UTC 2026","tests.AuthLoginTest","Браузер Chrome","tests.AuthLoginTest","testEnteredDataSavedFieldValue"
"","18770","testGetDataUnitSchema","Мультибраузерное тестирование","Thu Feb 12 04:25:27 UTC 2026","passed","Thu Feb 12 04:25:45 UTC 2026","tests.GettingAggregateDataLoadTimeTest","Браузер Chrome","tests.GettingAggregateDataLoadTimeTest","testGetDataUnitSchema"
"1. Авторизовался в приложении
2. Выбрал временной интервал от 01-01-2020 23:00 до 07-10-2025 00:00
3. Перешел к станции БКПРУ-4
4. Модуль Схема
5. Данные отображаются Диаграмма
6. Данные отображаются Схема
7. Перешел к станции СКРУ-3
4. Модуль Схема
5. Данные отображаются Диаграмма
6. Данные отображаются Схема","57116","testStationDashboardDownloads","Мультибраузерное тестирование","Thu Feb 12 04:48:57 UTC 2026","passed","Thu Feb 12 04:49:54 UTC 2026","tests.SchemaTest","Браузер Edge","tests.SchemaTest","testStationDashboardDownloads"
"1. Авторизовался в приложении
2. Выбрал временной интервал от 01-01-2020 23:00 до 07-10-2025 00:00
3. В меню Оборудование кликнул Список фильтров
4. Ввел частичный путь нажал ОК
5. Заполнил все остальные поля нажал ОК","43761","testPartialPathAndFillOthersAndOk","Мультибраузерное тестирование","Thu Feb 12 05:15:48 UTC 2026","passed","Thu Feb 12 05:16:32 UTC 2026","tests.TimeIntervalPannelTest","Браузер Yandex","tests.TimeIntervalPannelTest","testPartialPathAndFillOthersAndOk"
"Текущий пароль указан неверно при смене пароля","1572","testCurrentPasswordIncorrect","Мультибраузерное тестирование","Thu Feb 12 04:32:46 UTC 2026","passed","Thu Feb 12 04:32:47 UTC 2026","tests.SetNewPasswordTest","Браузер Chrome","tests.SetNewPasswordTest","testCurrentPasswordIncorrect"
"Проверка работы пользовательского временного интервала","18206","testReceivingDataForShiftEvents","Мультибраузерное тестирование","Thu Feb 12 04:58:17 UTC 2026","passed","Thu Feb 12 04:58:35 UTC 2026","tests.TimeIntervalPannelTest","Браузер Edge","tests.TimeIntervalPannelTest","testReceivingDataForShiftEvents"
"Проверить, что при открытии выпадающего списка отображаются все ожидаемые варианты","5526","testDropdownContainsAllExpectedOptions","Мультибраузерное тестирование","Thu Feb 12 04:34:16 UTC 2026","passed","Thu Feb 12 04:34:22 UTC 2026","tests.TimeIntervalPannelTest","Браузер Chrome","tests.TimeIntervalPannelTest","testDropdownContainsAllExpectedOptions"
"Новый пароль и старый одинаковые","583","testNewPasswordAndCurrentPasswordMatches","Мультибраузерное тестирование","Thu Feb 12 04:33:14 UTC 2026","passed","Thu Feb 12 04:33:15 UTC 2026","tests.SetNewPasswordTest","Браузер Chrome","tests.SetNewPasswordTest","testNewPasswordAndCurrentPasswordMatches"
"Новый пароль не соответствует требованиям (например, без цифры или спецсимвола) при смене пароля","901","testNewPasswordNotMeetRequirements","Мультибраузерное тестирование","Thu Feb 12 05:12:21 UTC 2026","passed","Thu Feb 12 05:12:22 UTC 2026","tests.SetNewPasswordTest","Браузер Yandex","tests.SetNewPasswordTest","testNewPasswordNotMeetRequirements"
"Логин указан неверно при смене пароля","1595","testLoginIncorrect","Мультибраузерное тестирование","Thu Feb 12 04:52:40 UTC 2026","passed","Thu Feb 12 04:52:42 UTC 2026","tests.SetNewPasswordTest","Браузер Edge","tests.SetNewPasswordTest","testLoginIncorrect"
"Текущий пароль указан неверно при смене пароля","1562","testCurrentPasswordIncorrect","Мультибраузерное тестирование","Thu Feb 12 05:11:42 UTC 2026","passed","Thu Feb 12 05:11:44 UTC 2026","tests.SetNewPasswordTest","Браузер Yandex","tests.SetNewPasswordTest","testCurrentPasswordIncorrect"
"Проверить, что можно выбрать интервал 'За смену (8 часов)'","11745","testSelectWorkDay","Мультибраузерное тестирование","Thu Feb 12 04:40:33 UTC 2026","passed","Thu Feb 12 04:40:45 UTC 2026","tests.TimeIntervalPannelTest","Браузер Chrome","tests.TimeIntervalPannelTest","testSelectWorkDay"
"Переключения языка (RU/EN)","1497","testSwitchLanguage","Мультибраузерное тестирование","Thu Feb 12 04:43:01 UTC 2026","passed","Thu Feb 12 04:43:03 UTC 2026","tests.AuthLoginTest","Браузер Edge","tests.AuthLoginTest","testSwitchLanguage"
"1. Авторизовался в приложении
2. Выбрал временной интервал от 01-01-2020 23:00 до 07-10-2025 00:00
3. В меню Оборудование кликнул Список фильтров
4. Ввел частичный путь нажал ОК
5. Заполнил все остальные поля нажал ОК","44264","testPartialPathAndFillOthersAndOk","Мультибраузерное тестирование","Thu Feb 12 04:36:52 UTC 2026","passed","Thu Feb 12 04:37:37 UTC 2026","tests.TimeIntervalPannelTest","Браузер Chrome","tests.TimeIntervalPannelTest","testPartialPathAndFillOthersAndOk"
"1. Авторизовался в приложении
2. Выбрал временной интервал от 01-01-2020 23:00 до 07-10-2025 00:00
3. Перешел к агрегату БКПРУ-4/СОФ/РВК ""Б""/Насосное оборудование/4.2-2G28
4. Модуль Схема окно Данные измерений  тип измерения Тренд вид График
5. Выбран параметр Оборотные
6. Выбран параметр Оборотные и один Параметры
7. Выбрано 5 однотипных параметров Замеры
8. Выбрано 3 не однотипных параметра Замеры","29400","testMeasurementDataGraphParametersTrend","Мультибраузерное тестирование","Thu Feb 12 05:06:08 UTC 2026","broken","Thu Feb 12 05:06:37 UTC 2026","tests.SchemaTest","Браузер Yandex","tests.SchemaTest","testMeasurementDataGraphParametersTrend"
"1. Авторизовался в приложении
2. Выбрал временной интервал от 01-01-2020 23:00 до 07-10-2025 00:00
3. Перешел к агрегату БКПРУ-4/СОФ/РВК ""Б""/Насосное оборудование/4.2-2G28
4. Модуль Схема окно Состояние и прогнозирование
5. Меняю вид отображения на Шкала","30925","testStatusForecastingScaleWindowCoversEntireWorkArea","Мультибраузерное тестирование","Thu Feb 12 05:09:32 UTC 2026","broken","Thu Feb 12 05:10:03 UTC 2026","tests.SchemaTest","Браузер Yandex","tests.SchemaTest","testStatusForecastingScaleWindowCoversEntireWorkArea"
"1. Авторизовался в приложении
2. Выбрал временной интервал от 01-01-2020 23:00 до 07-10-2025 00:00
3. Перешел к станции БКПРУ-4/СОФ/РВК ""Б""/Конвейерный транспорт
4. Модуль Схема
5. Перешел в модуль События
6. Данные в таблице заполнены
7. Перешел к станции БКПРУ-4/СОФ/РВК ""Б""/Насосное оборудование/4.2-2G28
8. Модуль События
9. Данные в таблице заполнены","14151","testDashboardDownloads","Мультибраузерное тестирование","Thu Feb 12 04:43:11 UTC 2026","broken","Thu Feb 12 04:43:25 UTC 2026","tests.EventsTest","Браузер Edge","tests.EventsTest","testDashboardDownloads"
"Проверить, что по умолчанию указывается временной интервал 'За смену (8 часов)'","4401","testDefaultTimeIntervalIsWorkDay","Мультибраузерное тестирование","Thu Feb 12 05:12:59 UTC 2026","passed","Thu Feb 12 05:13:04 UTC 2026","tests.TimeIntervalPannelTest","Браузер Yandex","tests.TimeIntervalPannelTest","testDefaultTimeIntervalIsWorkDay"
"Новый пароль содержит запрещённое слово (например, Moscow)","1","testNewPasswordNotContainForbiddenWord","Мультибраузерное тестирование","Thu Feb 12 04:21:18 UTC 2026","unknown","Thu Feb 12 04:21:18 UTC 2026","tests.SetNewPasswordTest","Браузер Chrome","tests.SetNewPasswordTest","testNewPasswordNotContainForbiddenWord"
"","13123","testGetDataUnitSchema","Мультибраузерное тестирование","Thu Feb 12 05:03:18 UTC 2026","broken","Thu Feb 12 05:03:31 UTC 2026","tests.GettingAggregateDataLoadTimeTest","Браузер Yandex","tests.GettingAggregateDataLoadTimeTest","testGetDataUnitSchema"
"1. Авторизовался в приложении
2. Выбрал временной интервал от 01-01-2020 23:00 до 07-10-2025 00:00
3. Перешел к станции БКПРУ-4
4. Выбрал второй фильтр
5. Выбрал третий фильтр
6. Выбрал первый фильтр","31472","testFilterButton","Мультибраузерное тестирование","Thu Feb 12 05:13:25 UTC 2026","passed","Thu Feb 12 05:13:57 UTC 2026","tests.TimeIntervalPannelTest","Браузер Yandex","tests.TimeIntervalPannelTest","testFilterButton"
"1. Авторизовался в приложении
2. Выбрал временной интервал от 01-01-2020 23:00 до 07-10-2025 00:00
3. Перешел к агрегату БКПРУ-4/СОФ/РВК ""Б""/Насосное оборудование/4.2-2G28
4. Модуль Схема
5. 4 окна в рабочей области загрузились
6. Каждое из 4 окон растянулось на всю рабочую область","13523","testUnitDashboardDownloads","Мультибраузерное тестирование","Thu Feb 12 04:31:24 UTC 2026","broken","Thu Feb 12 04:31:37 UTC 2026","tests.SchemaTest","Браузер Chrome","tests.SchemaTest","testUnitDashboardDownloads"
"1. Авторизовался в приложении
2. Выбрал временной интервал от 01-01-2020 23:00 до 07-10-2025 00:00
3. Перешел к агрегату БКПРУ-4/СОФ/РВК ""Б""/Насосное оборудование/4.2-2G08
4. Модуль Схема окно Данные измерений вид График
5. Выбран параметр Замеры тип измерения Спектр
6. Выбран параметр Замеры тип измерения Форма сигнала
7. Выбран параметр Замеры тип измерения Тренд
8. Выбран параметр Замеры тип измерения Орбита","16352","testMeasurementDataGraphParametersMeasurementType","Мультибраузерное тестирование","Thu Feb 12 04:46:11 UTC 2026","broken","Thu Feb 12 04:46:27 UTC 2026","tests.SchemaTest","Браузер Edge","tests.SchemaTest","testMeasurementDataGraphParametersMeasurementType"
"Проверка поля Пароль на sql инъекцию на странице Логин","1420","testSqlInjectionFieldPassword","Мультибраузерное тестирование","Thu Feb 12 04:31:58 UTC 2026","passed","Thu Feb 12 04:32:00 UTC 2026","tests.SecuritySqlInjectionTest","Браузер Chrome","tests.SecuritySqlInjectionTest","testSqlInjectionFieldPassword"
"1. Авторизовался в приложении
2. Выбрал временной интервал от 01-01-2020 23:00 до 07-10-2025 00:00
3. Перешел к станции БКПРУ-4
4. Модуль Схема
5. Данные отображаются Диаграмма
6. Данные отображаются Схема
7. Перешел к станции СКРУ-3
4. Модуль Схема
5. Данные отображаются Диаграмма
6. Данные отображаются Схема","48692","testStationDashboardDownloads","Мультибраузерное тестирование","Thu Feb 12 04:29:22 UTC 2026","passed","Thu Feb 12 04:30:10 UTC 2026","tests.SchemaTest","Браузер Chrome","tests.SchemaTest","testStationDashboardDownloads"
"Переход по кнопке 'Сменить пароль'","264","testClickChangePasswordButton","Мультибраузерное тестирование","Thu Feb 12 05:01:33 UTC 2026","passed","Thu Feb 12 05:01:34 UTC 2026","tests.AuthLoginTest","Браузер Yandex","tests.AuthLoginTest","testClickChangePasswordButton"
"","14298","testGetDataUnitSchema","Мультибраузерное тестирование","Thu Feb 12 04:25:05 UTC 2026","broken","Thu Feb 12 04:25:19 UTC 2026","tests.GettingAggregateDataLoadTimeTest","Браузер Chrome","tests.GettingAggregateDataLoadTimeTest","testGetDataUnitSchema"
"1. Авторизовался в приложении
2. Выбрал временной интервал от 01-01-2020 23:00 до 07-10-2025 00:00
3. В меню Оборудование кликнул Список фильтров
4. Ввел частичный путь нажал ОК
5. Заполнил все остальные поля нажал ОК","42548","testPartialPathAndFillOthersAndOk","Мультибраузерное тестирование","Thu Feb 12 05:14:54 UTC 2026","passed","Thu Feb 12 05:15:37 UTC 2026","tests.TimeIntervalPannelTest","Браузер Yandex","tests.TimeIntervalPannelTest","testPartialPathAndFillOthersAndOk"
"Проверка видимости пароля (иконка 'глаз') на странице Login","2677","testCheckingPasswordVisibility","Мультибраузерное тестирование","Thu Feb 12 05:01:23 UTC 2026","passed","Thu Feb 12 05:01:25 UTC 2026","tests.AuthLoginTest","Браузер Yandex","tests.AuthLoginTest","testCheckingPasswordVisibility"
"Новый пароль содержит запрещённое слово (например, Moscow)","0","testNewPasswordNotContainForbiddenWord","Мультибраузерное тестирование","Thu Feb 12 05:00:43 UTC 2026","unknown","Thu Feb 12 05:00:43 UTC 2026","tests.SetNewPasswordTest","Браузер Yandex","tests.SetNewPasswordTest","testNewPasswordNotContainForbiddenWord"
"Вход с пустыми полями логина и пароля","1438","testLoginWithEmptyUsernameAndPassword","Мультибраузерное тестирование","Thu Feb 12 04:22:54 UTC 2026","passed","Thu Feb 12 04:22:55 UTC 2026","tests.AuthLoginTest","Браузер Chrome","tests.AuthLoginTest","testLoginWithEmptyUsernameAndPassword"
"Введенные данные сохраняются в значение поля","381","testEnteredDataSavedFieldValue","Мультибраузерное тестирование","Thu Feb 12 04:42:32 UTC 2026","passed","Thu Feb 12 04:42:32 UTC 2026","tests.AuthLoginTest","Браузер Edge","tests.AuthLoginTest","testEnteredDataSavedFieldValue"
"1. Авторизовался в приложении
2. Выбрал временной интервал от 01-01-2020 23:00 до 07-10-2025 00:00
3. Перешел к станции БКПРУ-4/СОФ/РВК ""Б""/Конвейерный транспорт
4. Модуль Схема
5. Перешел в модуль Журнал
6. Данные в таблице заполнены
7. Перешел к станции БКПРУ-4/СОФ/РВК ""Б""/Насосное оборудование/4.2-2G28
8. Модуль Журнал
9. Данные в таблице заполнены","14981","testDashboardDownloads","Мультибраузерное тестирование","Thu Feb 12 04:25:52 UTC 2026","broken","Thu Feb 12 04:26:07 UTC 2026","tests.MagazineTest","Браузер Chrome","tests.MagazineTest","testDashboardDownloads"
"Отображение подсказки под полем 'Текущий пароль' в форме смены пароля","263","testHelperCurrentPassword","Мультибраузерное тестирование","Thu Feb 12 05:11:51 UTC 2026","passed","Thu Feb 12 05:11:51 UTC 2026","tests.SetNewPasswordTest","Браузер Yandex","tests.SetNewPasswordTest","testHelperCurrentPassword"
"","14755","testGetDataUnitSchema","Мультибраузерное тестирование","Thu Feb 12 04:23:52 UTC 2026","broken","Thu Feb 12 04:24:06 UTC 2026","tests.GettingAggregateDataLoadTimeTest","Браузер Chrome","tests.GettingAggregateDataLoadTimeTest","testGetDataUnitSchema"
"1. Авторизовался в приложении
2. Выбрал временной интервал от 01-01-2020 23:00 до 07-10-2025 00:00
3. Перешел к агрегату БКПРУ-4/СОФ/РВК ""Б""/Насосное оборудование/4.2-2G02
4. Модуль Схема окно Табличные данные
5. Данные отображаются в виде События, Мероприятия ТОиР, Дефекты, Рекомендации, Отчеты","39401","testTabularDataDisplayTypes","Мультибраузерное тестирование","Thu Feb 12 04:50:26 UTC 2026","broken","Thu Feb 12 04:51:05 UTC 2026","tests.SchemaTest","Браузер Edge","tests.SchemaTest","testTabularDataDisplayTypes"
"Проверка поля Пароль на sql инъекцию на странице Логин","1421","testSqlInjectionFieldPassword","Мультибраузерное тестирование","Thu Feb 12 04:51:45 UTC 2026","passed","Thu Feb 12 04:51:46 UTC 2026","tests.SecuritySqlInjectionTest","Браузер Edge","tests.SecuritySqlInjectionTest","testSqlInjectionFieldPassword"
"Отображение подсказки под полем 'Текущий пароль' в форме смены пароля","269","testHelperCurrentPassword","Мультибраузерное тестирование","Thu Feb 12 04:32:54 UTC 2026","passed","Thu Feb 12 04:32:54 UTC 2026","tests.SetNewPasswordTest","Браузер Chrome","tests.SetNewPasswordTest","testHelperCurrentPassword"
"Проверка видимости пароля (иконка 'глаз') для поля Текущий пароль на странице Cменить пароль","2797","testCheckingCurrentPasswordVisibility","Мультибраузерное тестирование","Thu Feb 12 04:32:07 UTC 2026","passed","Thu Feb 12 04:32:10 UTC 2026","tests.SetNewPasswordTest","Браузер Chrome","tests.SetNewPasswordTest","testCheckingCurrentPasswordVisibility"
"Логин указан неверно при смене пароля","1598","testLoginIncorrect","Мультибраузерное тестирование","Thu Feb 12 04:33:04 UTC 2026","passed","Thu Feb 12 04:33:06 UTC 2026","tests.SetNewPasswordTest","Браузер Chrome","tests.SetNewPasswordTest","testLoginIncorrect"
"Проверка видимости пароля (иконка 'глаз') на странице Login","2643","testCheckingPasswordVisibility","Мультибраузерное тестирование","Thu Feb 12 04:41:50 UTC 2026","passed","Thu Feb 12 04:41:53 UTC 2026","tests.AuthLoginTest","Браузер Edge","tests.AuthLoginTest","testCheckingPasswordVisibility"
"","13699","testGetDataUnitSchema","Мультибраузерное тестирование","Thu Feb 12 04:44:32 UTC 2026","broken","Thu Feb 12 04:44:45 UTC 2026","tests.GettingAggregateDataLoadTimeTest","Браузер Edge","tests.GettingAggregateDataLoadTimeTest","testGetDataUnitSchema"
"Проверить, что можно выбрать интервал 'За смену (8 часов)'","12149","testSelectWorkDay","Мультибраузерное тестирование","Thu Feb 12 05:00:12 UTC 2026","passed","Thu Feb 12 05:00:24 UTC 2026","tests.TimeIntervalPannelTest","Браузер Edge","tests.TimeIntervalPannelTest","testSelectWorkDay"
"1. Авторизовался в приложении
2. Выбрал временной интервал от 01-01-2020 23:00 до 07-10-2025 00:00
3. Перешел к станции БКПРУ-4/СОФ/РВК ""Б""/Конвейерный транспорт
4. Модуль Схема
5. Перешел в модуль Журнал
6. Данные в таблице заполнены
7. Перешел к станции БКПРУ-4/СОФ/РВК ""Б""/Насосное оборудование/4.2-2G28
8. Модуль Журнал
9. Данные в таблице заполнены","17979","testDashboardDownloads","Мультибраузерное тестирование","Thu Feb 12 05:05:18 UTC 2026","passed","Thu Feb 12 05:05:36 UTC 2026","tests.MagazineTest","Браузер Yandex","tests.MagazineTest","testDashboardDownloads"
"1. Авторизовался в приложении
2. Выбрал временной интервал от 01-01-2020 23:00 до 07-10-2025 00:00
3. Перешел к агрегату БКПРУ-4/СОФ/РВК ""Б""/Насосное оборудование/4.2-2G28
4. Модуль Схема
5. 4 окна в рабочей области загрузились
6. Каждое из 4 окон растянулось на всю рабочую область","14396","testUnitDashboardDownloads","Мультибраузерное тестирование","Thu Feb 12 04:51:13 UTC 2026","broken","Thu Feb 12 04:51:28 UTC 2026","tests.SchemaTest","Браузер Edge","tests.SchemaTest","testUnitDashboardDownloads"
"1. Авторизовался в приложении
2. Выбрал временной интервал от 01-01-2020 23:00 до 07-10-2025 00:00
3. Перешел к станции БКПРУ-4/СОФ/РВК ""Б""/Насосное оборудование
4. Модуль Схема
5. Перешел в модуль Аналитика
6. Выбрал шаблон Статистика агрегатов по заключениям
7. Построены диаграммы
8. Выбрал тип отображения Таблица
9. Построены таблицы","22749","testDashboardDownloads","Мультибраузерное тестирование","Thu Feb 12 04:41:20 UTC 2026","passed","Thu Feb 12 04:41:43 UTC 2026","tests.AnalyticsTest","Браузер Edge","tests.AnalyticsTest","testDashboardDownloads"
"Клик по лого на странице Сменить пароль ","344","testClickLogo","Мультибраузерное тестирование","Thu Feb 12 05:11:34 UTC 2026","passed","Thu Feb 12 05:11:34 UTC 2026","tests.SetNewPasswordTest","Браузер Yandex","tests.SetNewPasswordTest","testClickLogo"
"1. Авторизовался в приложении
2. Выбрал временной интервал от 01-01-2020 23:00 до 07-10-2025 00:00
3. Перешел к агрегату БКПРУ-4/СОФ/РВК ""Б""/Насосное оборудование/4.2-2G02
4. Модуль Схема окно Табличные данные
5. Данные отображаются в виде События, Мероприятия ТОиР, Дефекты, Рекомендации, Отчеты","12048","testTabularDataDisplayTypes","Мультибраузерное тестирование","Thu Feb 12 05:10:13 UTC 2026","broken","Thu Feb 12 05:10:25 UTC 2026","tests.SchemaTest","Браузер Yandex","tests.SchemaTest","testTabularDataDisplayTypes"
"Проверить, что по умолчанию указывается временной интервал 'За смену (8 часов)'","5496","testDefaultTimeIntervalIsWorkDay","Мультибраузерное тестирование","Thu Feb 12 04:53:35 UTC 2026","passed","Thu Feb 12 04:53:40 UTC 2026","tests.TimeIntervalPannelTest","Браузер Edge","tests.TimeIntervalPannelTest","testDefaultTimeIntervalIsWorkDay"
"1. Авторизовался в приложении
2. Выбрал временной интервал от 01-01-2020 23:00 до 07-10-2025 00:00
3. Перешел к станции БКПРУ-4
4. Выбрал второй фильтр
5. Выбрал третий фильтр
6. Выбрал первый фильтр","32488","testFilterButton","Мультибраузерное тестирование","Thu Feb 12 04:34:30 UTC 2026","passed","Thu Feb 12 04:35:02 UTC 2026","tests.TimeIntervalPannelTest","Браузер Chrome","tests.TimeIntervalPannelTest","testFilterButton"
"Проверить, что можно выбрать интервал 'За год'","12607","testSelectYear","Мультибраузерное тестирование","Thu Feb 12 04:40:56 UTC 2026","passed","Thu Feb 12 04:41:08 UTC 2026","tests.TimeIntervalPannelTest","Браузер Chrome","tests.TimeIntervalPannelTest","testSelectYear"
"","18728","testGetDataUnitSchema","Мультибраузерное тестирование","Thu Feb 12 04:44:04 UTC 2026","passed","Thu Feb 12 04:44:23 UTC 2026","tests.GettingAggregateDataLoadTimeTest","Браузер Edge","tests.GettingAggregateDataLoadTimeTest","testGetDataUnitSchema"
"Проверить, что можно выбрать интервал 'За выбранный интервал'","12065","testSelectCustomRange","Мультибраузерное тестирование","Thu Feb 12 04:58:47 UTC 2026","passed","Thu Feb 12 04:59:00 UTC 2026","tests.TimeIntervalPannelTest","Браузер Edge","tests.TimeIntervalPannelTest","testSelectCustomRange"
"Проверить, что можно выбрать интервал 'За год'","11668","testSelectYear","Мультибраузерное тестирование","Thu Feb 12 05:00:31 UTC 2026","passed","Thu Feb 12 05:00:43 UTC 2026","tests.TimeIntervalPannelTest","Браузер Edge","tests.TimeIntervalPannelTest","testSelectYear"
"Проверить, что можно выбрать интервал 'За неделю'","13981","testSelectWeek","Мультибраузерное тестирование","Thu Feb 12 04:59:49 UTC 2026","passed","Thu Feb 12 05:00:03 UTC 2026","tests.TimeIntervalPannelTest","Браузер Edge","tests.TimeIntervalPannelTest","testSelectWeek"
"Ввод неверного логина или пароля","1400","testEnterIncorrectLoginOrPassword","Мультибраузерное тестирование","Thu Feb 12 05:01:52 UTC 2026","passed","Thu Feb 12 05:01:53 UTC 2026","tests.AuthLoginTest","Браузер Yandex","tests.AuthLoginTest","testEnterIncorrectLoginOrPassword"
"Проверка работы пользовательского временного интервала","17131","testReceivingDataForShiftEvents","Мультибраузерное тестирование","Thu Feb 12 04:38:40 UTC 2026","passed","Thu Feb 12 04:38:57 UTC 2026","tests.TimeIntervalPannelTest","Браузер Chrome","tests.TimeIntervalPannelTest","testReceivingDataForShiftEvents"
"Попытка SQL-injection в поля логина/пароля не должна приводить к успешной аутентификации","1509","testSqlInjectionDoesNotBypassAuthentication","Мультибраузерное тестирование","Thu Feb 12 04:31:49 UTC 2026","passed","Thu Feb 12 04:31:50 UTC 2026","tests.SecuritySqlInjectionTest","Браузер Chrome","tests.SecuritySqlInjectionTest","testSqlInjectionDoesNotBypassAuthentication"
"1. Авторизовался в приложении
2. Выбрал временной интервал от 01-01-2020 23:00 до 07-10-2025 00:00
3. Перешел к агрегату БКПРУ-4/СОФ/РВК ""Б""/Насосное оборудование/4.2-2G28
4. Модуль Схема окно Данные измерений тип измерения Тренд вид Таблица
5. Выбран параметр Оборотные перехожу с График на Таблица
6. Выбран параметр Оборотные и параметр Параметры перехожу с График на Таблица
7. Нахожусь на Таблица, выбираю один из Замеры, перехожу на График
8. Перехожу на Таблица, выбираю один из Замеры с несколькими точками, перехожу на График","92782","testMeasurementDataTableParametersTrend","Мультибраузерное тестирование","Thu Feb 12 05:06:46 UTC 2026","passed","Thu Feb 12 05:08:19 UTC 2026","tests.SchemaTest","Браузер Yandex","tests.SchemaTest","testMeasurementDataTableParametersTrend"
"1. Авторизовался в приложении
2. Выбрал временной интервал от 01-01-2020 23:00 до 07-10-2025 00:00
3. Перешел к агрегату БКПРУ-4/СОФ/РВК ""Б""/Насосное оборудование/4.2-2G28
4. Модуль Схема
5. 4 окна в рабочей области загрузились
6. Каждое из 4 окон растянулось на всю рабочую область","13237","testUnitDashboardDownloads","Мультибраузерное тестирование","Thu Feb 12 05:10:35 UTC 2026","broken","Thu Feb 12 05:10:49 UTC 2026","tests.SchemaTest","Браузер Yandex","tests.SchemaTest","testUnitDashboardDownloads"
"Попытка отправки формы с пустыми полями при смене пароля","1542","testSubmittingFormWithEmptyFields","Мультибраузерное тестирование","Thu Feb 12 05:12:40 UTC 2026","passed","Thu Feb 12 05:12:42 UTC 2026","tests.SetNewPasswordTest","Браузер Yandex","tests.SetNewPasswordTest","testSubmittingFormWithEmptyFields"
"Проверить, что можно выбрать интервал 'За сутки'","12426","testSelectFullDay","Мультибраузерное тестирование","Thu Feb 12 05:18:16 UTC 2026","passed","Thu Feb 12 05:18:29 UTC 2026","tests.TimeIntervalPannelTest","Браузер Yandex","tests.TimeIntervalPannelTest","testSelectFullDay"
"Проверить, что можно выбрать интервал 'За месяц'","13033","testSelectMonth","Мультибраузерное тестирование","Thu Feb 12 04:59:29 UTC 2026","passed","Thu Feb 12 04:59:42 UTC 2026","tests.TimeIntervalPannelTest","Браузер Edge","tests.TimeIntervalPannelTest","testSelectMonth"
"Текущий пароль указан неверно при смене пароля","1565","testCurrentPasswordIncorrect","Мультибраузерное тестирование","Thu Feb 12 04:52:24 UTC 2026","passed","Thu Feb 12 04:52:25 UTC 2026","tests.SetNewPasswordTest","Браузер Edge","tests.SetNewPasswordTest","testCurrentPasswordIncorrect"
"Клик по лого на странице Сменить пароль ","340","testClickLogo","Мультибраузерное тестирование","Thu Feb 12 04:52:16 UTC 2026","passed","Thu Feb 12 04:52:16 UTC 2026","tests.SetNewPasswordTest","Браузер Edge","tests.SetNewPasswordTest","testClickLogo"
"Новый пароль и старый одинаковые","565","testNewPasswordAndCurrentPasswordMatches","Мультибраузерное тестирование","Thu Feb 12 05:12:09 UTC 2026","passed","Thu Feb 12 05:12:09 UTC 2026","tests.SetNewPasswordTest","Браузер Yandex","tests.SetNewPasswordTest","testNewPasswordAndCurrentPasswordMatches"
"1. Авторизовался в приложении
2. Выбрал временной интервал от 01-01-2020 23:00 до 07-10-2025 00:00
3. Перешел к станции БКПРУ-4/СОФ/РВК ""Б""/Насосное оборудование
4. Модуль Схема
5. Перешел в модуль Аналитика
6. Выбрал шаблон Статистика агрегатов по заключениям
7. Построены диаграммы
8. Выбрал тип отображения Таблица
9. Построены таблицы","24609","testDashboardDownloads","Мультибраузерное тестирование","Thu Feb 12 04:21:30 UTC 2026","passed","Thu Feb 12 04:21:54 UTC 2026","tests.AnalyticsTest","Браузер Chrome","tests.AnalyticsTest","testDashboardDownloads"
"Вход с валидными логином и паролем","5638","testLoginWithValidUsernameAndPassword","Мультибраузерное тестирование","Thu Feb 12 04:23:03 UTC 2026","passed","Thu Feb 12 04:23:08 UTC 2026","tests.AuthLoginTest","Браузер Chrome","tests.AuthLoginTest","testLoginWithValidUsernameAndPassword"
"Клик по лого на странице Login","177","testClickLogo","Мультибраузерное тестирование","Thu Feb 12 04:22:26 UTC 2026","passed","Thu Feb 12 04:22:26 UTC 2026","tests.AuthLoginTest","Браузер Chrome","tests.AuthLoginTest","testClickLogo"
"","16769","testGetDataUnitSchema","Мультибраузерное тестирование","Thu Feb 12 05:04:52 UTC 2026","passed","Thu Feb 12 05:05:09 UTC 2026","tests.GettingAggregateDataLoadTimeTest","Браузер Yandex","tests.GettingAggregateDataLoadTimeTest","testGetDataUnitSchema"
"1. Авторизовался в приложении
2. Выбрал временной интервал от 01-01-2020 23:00 до 07-10-2025 00:00
3. Перешел к агрегату БКПРУ-4/СОФ/РВК ""Б""/Насосное оборудование/4.2-2G28
4. Модуль Схема окно Данные измерений  тип измерения Тренд вид График
5. Выбран параметр Оборотные
6. Выбран параметр Оборотные и один Параметры
7. Выбрано 5 однотипных параметров Замеры
8. Выбрано 3 не однотипных параметра Замеры","14699","testMeasurementDataGraphParametersTrend","Мультибраузерное тестирование","Thu Feb 12 04:27:18 UTC 2026","broken","Thu Feb 12 04:27:33 UTC 2026","tests.SchemaTest","Браузер Chrome","tests.SchemaTest","testMeasurementDataGraphParametersTrend"
"","13452","testGetDataUnitSchema","Мультибраузерное тестирование","Thu Feb 12 04:44:56 UTC 2026","broken","Thu Feb 12 04:45:10 UTC 2026","tests.GettingAggregateDataLoadTimeTest","Браузер Edge","tests.GettingAggregateDataLoadTimeTest","testGetDataUnitSchema"
"1. Авторизовался в приложении
2. Выбрал временной интервал от 01-01-2020 23:00 до 07-10-2025 00:00
3. Перешел к агрегату БКПРУ-4/СОФ/РВК ""Б""/Насосное оборудование/4.2-2G28
4. Модуль Схема окно Данные измерений тип измерения Тренд вид Таблица
5. Выбран параметр Оборотные перехожу с График на Таблица
6. Выбран параметр Оборотные и параметр Параметры перехожу с График на Таблица
7. Нахожусь на Таблица, выбираю один из Замеры, перехожу на График
8. Перехожу на Таблица, выбираю один из Замеры с несколькими точками, перехожу на График","92078","testMeasurementDataTableParametersTrend","Мультибраузерное тестирование","Thu Feb 12 04:47:16 UTC 2026","passed","Thu Feb 12 04:48:48 UTC 2026","tests.SchemaTest","Браузер Edge","tests.SchemaTest","testMeasurementDataTableParametersTrend"
"Проверка видимости пароля (иконка 'глаз') для поля Текущий пароль на странице Cменить пароль","2727","testCheckingCurrentPasswordVisibility","Мультибраузерное тестирование","Thu Feb 12 04:51:53 UTC 2026","passed","Thu Feb 12 04:51:56 UTC 2026","tests.SetNewPasswordTest","Браузер Edge","tests.SetNewPasswordTest","testCheckingCurrentPasswordVisibility"
"Отображение подсказки под полем 'Текущий пароль' в форме смены пароля","260","testHelperCurrentPassword","Мультибраузерное тестирование","Thu Feb 12 04:52:33 UTC 2026","passed","Thu Feb 12 04:52:33 UTC 2026","tests.SetNewPasswordTest","Браузер Edge","tests.SetNewPasswordTest","testHelperCurrentPassword"
"Логин указан неверно при смене пароля","1596","testLoginIncorrect","Мультибраузерное тестирование","Thu Feb 12 05:12:01 UTC 2026","passed","Thu Feb 12 05:12:02 UTC 2026","tests.SetNewPasswordTest","Браузер Yandex","tests.SetNewPasswordTest","testLoginIncorrect"
"Переключения языка (RU/EN)","1609","testSwitchLanguage","Мультибраузерное тестирование","Thu Feb 12 04:23:16 UTC 2026","passed","Thu Feb 12 04:23:17 UTC 2026","tests.AuthLoginTest","Браузер Chrome","tests.AuthLoginTest","testSwitchLanguage"
"Новый пароль не соответствует требованиям (например, без цифры или спецсимвола) при смене пароля","917","testNewPasswordNotMeetRequirements","Мультибраузерное тестирование","Thu Feb 12 04:33:24 UTC 2026","passed","Thu Feb 12 04:33:25 UTC 2026","tests.SetNewPasswordTest","Браузер Chrome","tests.SetNewPasswordTest","testNewPasswordNotMeetRequirements"
"Вход с пустыми полями логина и пароля","1401","testLoginWithEmptyUsernameAndPassword","Мультибраузерное тестирование","Thu Feb 12 04:42:40 UTC 2026","passed","Thu Feb 12 04:42:41 UTC 2026","tests.AuthLoginTest","Браузер Edge","tests.AuthLoginTest","testLoginWithEmptyUsernameAndPassword"
"Переключение языка на форме смены пароля","1697","testSwitchLanguage","Мультибраузерное тестирование","Thu Feb 12 04:53:27 UTC 2026","passed","Thu Feb 12 04:53:28 UTC 2026","tests.SetNewPasswordTest","Браузер Edge","tests.SetNewPasswordTest","testSwitchLanguage"
"Проверить, что можно выбрать интервал 'За год'","13264","testSelectYear","Мультибраузерное тестирование","Thu Feb 12 05:19:37 UTC 2026","passed","Thu Feb 12 05:19:50 UTC 2026","tests.TimeIntervalPannelTest","Браузер Yandex","tests.TimeIntervalPannelTest","testSelectYear"
"Клик по лого на странице Login","171","testClickLogo","Мультибраузерное тестирование","Thu Feb 12 05:01:45 UTC 2026","passed","Thu Feb 12 05:01:46 UTC 2026","tests.AuthLoginTest","Браузер Yandex","tests.AuthLoginTest","testClickLogo"
"Проверка видимости пароля (иконка 'глаз') для поля Новый пароль на странице Cменить пароль","2720","testCheckingNewPasswordVisibility","Мультибраузерное тестирование","Thu Feb 12 04:52:05 UTC 2026","passed","Thu Feb 12 04:52:08 UTC 2026","tests.SetNewPasswordTest","Браузер Edge","tests.SetNewPasswordTest","testCheckingNewPasswordVisibility"
"Переключения языка (RU/EN)","1415","testSwitchLanguage","Мультибраузерное тестирование","Thu Feb 12 05:02:38 UTC 2026","passed","Thu Feb 12 05:02:39 UTC 2026","tests.AuthLoginTest","Браузер Yandex","tests.AuthLoginTest","testSwitchLanguage"
"1. Авторизовался в приложении
2. Выбрал временной интервал от 01-01-2020 23:00 до 07-10-2025 00:00
3. В меню Оборудование кликнул Список фильтров
4. Ввел частичный путь нажал ОК
5. Заполнил все остальные поля нажал ОК","42163","testPartialPathAndFillOthersAndOk","Мультибраузерное тестирование","Thu Feb 12 04:35:10 UTC 2026","passed","Thu Feb 12 04:35:52 UTC 2026","tests.TimeIntervalPannelTest","Браузер Chrome","tests.TimeIntervalPannelTest","testPartialPathAndFillOthersAndOk"
"Переход по кнопке 'Сменить пароль'","286","testClickChangePasswordButton","Мультибраузерное тестирование","Thu Feb 12 04:22:17 UTC 2026","passed","Thu Feb 12 04:22:17 UTC 2026","tests.AuthLoginTest","Браузер Chrome","tests.AuthLoginTest","testClickChangePasswordButton"
"1. Авторизовался в приложении
2. Выбрал временной интервал от 01-01-2020 23:00 до 07-10-2025 00:00
3. Перешел к станции БКПРУ-4/СОФ/РВК ""Б""/Конвейерный транспорт
4. Модуль Схема
5. Перешел в модуль Журнал
6. Данные в таблице заполнены
7. Перешел к станции БКПРУ-4/СОФ/РВК ""Б""/Насосное оборудование/4.2-2G28
8. Модуль Журнал
9. Данные в таблице заполнены","20002","testDashboardDownloads","Мультибраузерное тестирование","Thu Feb 12 04:45:43 UTC 2026","passed","Thu Feb 12 04:46:03 UTC 2026","tests.MagazineTest","Браузер Edge","tests.MagazineTest","testDashboardDownloads"
"","17746","testGetDataUnitSchema","Мультибраузерное тестирование","Thu Feb 12 04:24:15 UTC 2026","passed","Thu Feb 12 04:24:33 UTC 2026","tests.GettingAggregateDataLoadTimeTest","Браузер Chrome","tests.GettingAggregateDataLoadTimeTest","testGetDataUnitSchema"
"Повторное использование пароля при смене пароля","1623","testPasswordReuse","Мультибраузерное тестирование","Thu Feb 12 04:53:09 UTC 2026","passed","Thu Feb 12 04:53:11 UTC 2026","tests.SetNewPasswordTest","Браузер Edge","tests.SetNewPasswordTest","testPasswordReuse"
"Проверить, что можно выбрать интервал 'За сутки'","13346","testSelectFullDay","Мультибраузерное тестирование","Thu Feb 12 04:59:07 UTC 2026","passed","Thu Feb 12 04:59:20 UTC 2026","tests.TimeIntervalPannelTest","Браузер Edge","tests.TimeIntervalPannelTest","testSelectFullDay"
"1. Авторизовался в приложении
2. Выбрал временной интервал от 01-01-2020 23:00 до 07-10-2025 00:00
3. Перешел к агрегату БКПРУ-4/СОФ/РВК ""Б""/Насосное оборудование/4.2-2G02
4. Модуль Схема окно Табличные данные
5. Данные отображаются в виде События, Мероприятия ТОиР, Дефекты, Рекомендации, Отчеты","14695","testTabularDataDisplayTypes","Мультибраузерное тестирование","Thu Feb 12 04:30:59 UTC 2026","broken","Thu Feb 12 04:31:13 UTC 2026","tests.SchemaTest","Браузер Chrome","tests.SchemaTest","testTabularDataDisplayTypes"
"1. Авторизовался в приложении
2. Выбрал временной интервал от 01-01-2020 23:00 до 07-10-2025 00:00
3. В меню Оборудование кликнул Список фильтров
4. Ввел частичный путь нажал ОК
5. Заполнил все остальные поля нажал ОК","44999","testPartialPathAndFillOthersAndOk","Мультибраузерное тестирование","Thu Feb 12 04:57:24 UTC 2026","passed","Thu Feb 12 04:58:09 UTC 2026","tests.TimeIntervalPannelTest","Браузер Edge","tests.TimeIntervalPannelTest","testPartialPathAndFillOthersAndOk"
"","15637","testGetDataUnitSchema","Мультибраузерное тестирование","Thu Feb 12 05:04:25 UTC 2026","broken","Thu Feb 12 05:04:40 UTC 2026","tests.GettingAggregateDataLoadTimeTest","Браузер Yandex","tests.GettingAggregateDataLoadTimeTest","testGetDataUnitSchema"
"Проверить, что можно выбрать интервал 'За месяц'","13143","testSelectMonth","Мультибраузерное тестирование","Thu Feb 12 04:39:50 UTC 2026","passed","Thu Feb 12 04:40:03 UTC 2026","tests.TimeIntervalPannelTest","Браузер Chrome","tests.TimeIntervalPannelTest","testSelectMonth"
"Переключение языка на форме смены пароля","1677","testSwitchLanguage","Мультибраузерное тестирование","Thu Feb 12 05:12:51 UTC 2026","passed","Thu Feb 12 05:12:53 UTC 2026","tests.SetNewPasswordTest","Браузер Yandex","tests.SetNewPasswordTest","testSwitchLanguage"
"Ввод неверного логина или пароля","1402","testEnterIncorrectLoginOrPassword","Мультибраузерное тестирование","Thu Feb 12 04:42:20 UTC 2026","passed","Thu Feb 12 04:42:21 UTC 2026","tests.AuthLoginTest","Браузер Edge","tests.AuthLoginTest","testEnterIncorrectLoginOrPassword"
"Вход с пустыми полями логина и пароля","1398","testLoginWithEmptyUsernameAndPassword","Мультибраузерное тестирование","Thu Feb 12 05:02:12 UTC 2026","passed","Thu Feb 12 05:02:13 UTC 2026","tests.AuthLoginTest","Браузер Yandex","tests.AuthLoginTest","testLoginWithEmptyUsernameAndPassword"
"Новый пароль не соответствует требованиям (например, без цифры или спецсимвола) при смене пароля","920","testNewPasswordNotMeetRequirements","Мультибраузерное тестирование","Thu Feb 12 04:53:00 UTC 2026","passed","Thu Feb 12 04:53:01 UTC 2026","tests.SetNewPasswordTest","Браузер Edge","tests.SetNewPasswordTest","testNewPasswordNotMeetRequirements"
"","16993","testGetDataUnitSchema","Мультибраузерное тестирование","Thu Feb 12 04:45:20 UTC 2026","passed","Thu Feb 12 04:45:37 UTC 2026","tests.GettingAggregateDataLoadTimeTest","Браузер Edge","tests.GettingAggregateDataLoadTimeTest","testGetDataUnitSchema"
"Клик по лого на странице Сменить пароль ","344","testClickLogo","Мультибраузерное тестирование","Thu Feb 12 04:32:33 UTC 2026","passed","Thu Feb 12 04:32:33 UTC 2026","tests.SetNewPasswordTest","Браузер Chrome","tests.SetNewPasswordTest","testClickLogo"
"1. Авторизовался в приложении
2. Выбрал временной интервал от 01-01-2020 23:00 до 07-10-2025 00:00
3. Перешел к станции БКПРУ-4/СОФ/РВК ""Б""/Конвейерный транспорт
4. Модуль Схема
5. Перешел в модуль События
6. Данные в таблице заполнены
7. Перешел к станции БКПРУ-4/СОФ/РВК ""Б""/Насосное оборудование/4.2-2G28
8. Модуль События
9. Данные в таблице заполнены","19584","testDashboardDownloads","Мультибраузерное тестирование","Thu Feb 12 05:02:46 UTC 2026","passed","Thu Feb 12 05:03:05 UTC 2026","tests.EventsTest","Браузер Yandex","tests.EventsTest","testDashboardDownloads"
"Попытка отправки формы с пустыми полями при смене пароля","1550","testSubmittingFormWithEmptyFields","Мультибраузерное тестирование","Thu Feb 12 04:53:18 UTC 2026","passed","Thu Feb 12 04:53:20 UTC 2026","tests.SetNewPasswordTest","Браузер Edge","tests.SetNewPasswordTest","testSubmittingFormWithEmptyFields"
"","14945","testGetDataUnitSchema","Мультибраузерное тестирование","Thu Feb 12 05:04:01 UTC 2026","broken","Thu Feb 12 05:04:16 UTC 2026","tests.GettingAggregateDataLoadTimeTest","Браузер Yandex","tests.GettingAggregateDataLoadTimeTest","testGetDataUnitSchema"
"1. Авторизовался в приложении
2. Выбрал временной интервал от 01-01-2020 23:00 до 07-10-2025 00:00
3. Перешел к агрегату БКПРУ-4/СОФ/РВК ""Б""/Насосное оборудование/4.2-2G28
4. Модуль Схема окно Данные измерений  тип измерения Тренд вид График
5. Выбран параметр Оборотные
6. Выбран параметр Оборотные и один Параметры
7. Выбрано 5 однотипных параметров Замеры
8. Выбрано 3 не однотипных параметра Замеры","28016","testMeasurementDataGraphParametersTrend","Мультибраузерное тестирование","Thu Feb 12 04:46:39 UTC 2026","broken","Thu Feb 12 04:47:07 UTC 2026","tests.SchemaTest","Браузер Edge","tests.SchemaTest","testMeasurementDataGraphParametersTrend"
"Проверить, что при открытии выпадающего списка отображаются все ожидаемые варианты","5035","testDropdownContainsAllExpectedOptions","Мультибраузерное тестирование","Thu Feb 12 04:53:52 UTC 2026","passed","Thu Feb 12 04:53:57 UTC 2026","tests.TimeIntervalPannelTest","Браузер Edge","tests.TimeIntervalPannelTest","testDropdownContainsAllExpectedOptions"
"Вход с валидными логином и паролем","4930","testLoginWithValidUsernameAndPassword","Мультибраузерное тестирование","Thu Feb 12 05:02:25 UTC 2026","passed","Thu Feb 12 05:02:30 UTC 2026","tests.AuthLoginTest","Браузер Yandex","tests.AuthLoginTest","testLoginWithValidUsernameAndPassword"
"Переход по кнопке 'Сменить пароль'","270","testClickChangePasswordButton","Мультибраузерное тестирование","Thu Feb 12 04:42:01 UTC 2026","passed","Thu Feb 12 04:42:01 UTC 2026","tests.AuthLoginTest","Браузер Edge","tests.AuthLoginTest","testClickChangePasswordButton"
"Проверка видимости пароля (иконка 'глаз') для поля Текущий пароль на странице Cменить пароль","2729","testCheckingCurrentPasswordVisibility","Мультибраузерное тестирование","Thu Feb 12 05:11:14 UTC 2026","passed","Thu Feb 12 05:11:17 UTC 2026","tests.SetNewPasswordTest","Браузер Yandex","tests.SetNewPasswordTest","testCheckingCurrentPasswordVisibility"
"Проверить, что можно выбрать интервал 'За выбранный интервал'","12168","testSelectCustomRange","Мультибраузерное тестирование","Thu Feb 12 05:17:53 UTC 2026","passed","Thu Feb 12 05:18:05 UTC 2026","tests.TimeIntervalPannelTest","Браузер Yandex","tests.TimeIntervalPannelTest","testSelectCustomRange"
"Попытка отправки формы с пустыми полями при смене пароля","1550","testSubmittingFormWithEmptyFields","Мультибраузерное тестирование","Thu Feb 12 04:33:41 UTC 2026","passed","Thu Feb 12 04:33:43 UTC 2026","tests.SetNewPasswordTest","Браузер Chrome","tests.SetNewPasswordTest","testSubmittingFormWithEmptyFields"
"Клик по лого на странице Login","179","testClickLogo","Мультибраузерное тестирование","Thu Feb 12 04:42:08 UTC 2026","passed","Thu Feb 12 04:42:08 UTC 2026","tests.AuthLoginTest","Браузер Edge","tests.AuthLoginTest","testClickLogo"
"Проверить, что можно выбрать интервал 'За месяц'","12341","testSelectMonth","Мультибраузерное тестирование","Thu Feb 12 05:18:36 UTC 2026","passed","Thu Feb 12 05:18:48 UTC 2026","tests.TimeIntervalPannelTest","Браузер Yandex","tests.TimeIntervalPannelTest","testSelectMonth"
"1. Авторизовался в приложении
2. Выбрал временной интервал от 01-01-2020 23:00 до 07-10-2025 00:00
3. В меню Оборудование кликнул Список фильтров
4. Ввел частичный путь нажал ОК
5. Заполнил все остальные поля нажал ОК","44034","testPartialPathAndFillOthersAndOk","Мультибраузерное тестирование","Thu Feb 12 04:56:31 UTC 2026","passed","Thu Feb 12 04:57:16 UTC 2026","tests.TimeIntervalPannelTest","Браузер Edge","tests.TimeIntervalPannelTest","testPartialPathAndFillOthersAndOk"
"Проверить, что можно выбрать интервал 'За смену (8 часов)'","11704","testSelectWorkDay","Мультибраузерное тестирование","Thu Feb 12 05:19:18 UTC 2026","passed","Thu Feb 12 05:19:29 UTC 2026","tests.TimeIntervalPannelTest","Браузер Yandex","tests.TimeIntervalPannelTest","testSelectWorkDay"
"Переключение языка на форме смены пароля","1694","testSwitchLanguage","Мультибраузерное тестирование","Thu Feb 12 04:33:50 UTC 2026","passed","Thu Feb 12 04:33:51 UTC 2026","tests.SetNewPasswordTest","Браузер Chrome","tests.SetNewPasswordTest","testSwitchLanguage"
"Попытка SQL-injection в поля логина/пароля не должна приводить к успешной аутентификации","1496","testSqlInjectionDoesNotBypassAuthentication","Мультибраузерное тестирование","Thu Feb 12 05:10:56 UTC 2026","passed","Thu Feb 12 05:10:58 UTC 2026","tests.SecuritySqlInjectionTest","Браузер Yandex","tests.SecuritySqlInjectionTest","testSqlInjectionDoesNotBypassAuthentication"
"1. Авторизовался в приложении
2. Выбрал временной интервал от 01-01-2020 23:00 до 07-10-2025 00:00
3. В меню Оборудование кликнул Список фильтров
4. Ввел частичный путь нажал ОК
5. Заполнил все остальные поля нажал ОК","41590","testPartialPathAndFillOthersAndOk","Мультибраузерное тестирование","Thu Feb 12 04:54:49 UTC 2026","passed","Thu Feb 12 04:55:31 UTC 2026","tests.TimeIntervalPannelTest","Браузер Edge","tests.TimeIntervalPannelTest","testPartialPathAndFillOthersAndOk"
"","14732","testGetDataUnitSchema","Мультибраузерное тестирование","Thu Feb 12 04:24:40 UTC 2026","broken","Thu Feb 12 04:24:55 UTC 2026","tests.GettingAggregateDataLoadTimeTest","Браузер Chrome","tests.GettingAggregateDataLoadTimeTest","testGetDataUnitSchema"
"1. Авторизовался в приложении
2. Выбрал временной интервал от 01-01-2020 23:00 до 07-10-2025 00:00
3. В меню Оборудование кликнул Список фильтров
4. Ввел частичный путь нажал ОК
5. Заполнил все остальные поля нажал ОК","42801","testPartialPathAndFillOthersAndOk","Мультибраузерное тестирование","Thu Feb 12 04:55:40 UTC 2026","passed","Thu Feb 12 04:56:23 UTC 2026","tests.TimeIntervalPannelTest","Браузер Edge","tests.TimeIntervalPannelTest","testPartialPathAndFillOthersAndOk"
"1. Авторизовался в приложении
2. Выбрал временной интервал от 01-01-2020 23:00 до 07-10-2025 00:00
3. Перешел к станции БКПРУ-4
4. Выбрал второй фильтр
5. Выбрал третий фильтр
6. Выбрал первый фильтр","31714","testFilterButton","Мультибраузерное тестирование","Thu Feb 12 04:54:06 UTC 2026","passed","Thu Feb 12 04:54:38 UTC 2026","tests.TimeIntervalPannelTest","Браузер Edge","tests.TimeIntervalPannelTest","testFilterButton"
"1. Авторизовался в приложении
2. Выбрал временной интервал от 01-01-2020 23:00 до 07-10-2025 00:00
3. В меню Оборудование кликнул Список фильтров
4. Ввел частичный путь нажал ОК
5. Заполнил все остальные поля нажал ОК","43457","testPartialPathAndFillOthersAndOk","Мультибраузерное тестирование","Thu Feb 12 05:14:04 UTC 2026","passed","Thu Feb 12 05:14:47 UTC 2026","tests.TimeIntervalPannelTest","Браузер Yandex","tests.TimeIntervalPannelTest","testPartialPathAndFillOthersAndOk"
"1. Авторизовался в приложении
2. Выбрал временной интервал от 01-01-2020 23:00 до 07-10-2025 00:00
3. Перешел к станции БКПРУ-4/СОФ/РВК ""Б""/Конвейерный транспорт
4. Модуль Схема
5. Перешел в модуль События
6. Данные в таблице заполнены
7. Перешел к станции БКПРУ-4/СОФ/РВК ""Б""/Насосное оборудование/4.2-2G28
8. Модуль События
9. Данные в таблице заполнены","20169","testDashboardDownloads","Мультибраузерное тестирование","Thu Feb 12 04:23:25 UTC 2026","passed","Thu Feb 12 04:23:45 UTC 2026","tests.EventsTest","Браузер Chrome","tests.EventsTest","testDashboardDownloads"
"Проверить, что можно выбрать интервал 'За неделю'","13148","testSelectWeek","Мультибраузерное тестирование","Thu Feb 12 05:18:55 UTC 2026","passed","Thu Feb 12 05:19:08 UTC 2026","tests.TimeIntervalPannelTest","Браузер Yandex","tests.TimeIntervalPannelTest","testSelectWeek"
"Повторное использование пароля при смене пароля","1636","testPasswordReuse","Мультибраузерное тестирование","Thu Feb 12 04:33:33 UTC 2026","passed","Thu Feb 12 04:33:34 UTC 2026","tests.SetNewPasswordTest","Браузер Chrome","tests.SetNewPasswordTest","testPasswordReuse"
"Введенные данные сохраняются в значение поля","378","testEnteredDataSavedFieldValue","Мультибраузерное тестирование","Thu Feb 12 05:02:05 UTC 2026","passed","Thu Feb 12 05:02:05 UTC 2026","tests.AuthLoginTest","Браузер Yandex","tests.AuthLoginTest","testEnteredDataSavedFieldValue"
"Новый пароль и старый одинаковые","567","testNewPasswordAndCurrentPasswordMatches","Мультибраузерное тестирование","Thu Feb 12 04:52:50 UTC 2026","passed","Thu Feb 12 04:52:50 UTC 2026","tests.SetNewPasswordTest","Браузер Edge","tests.SetNewPasswordTest","testNewPasswordAndCurrentPasswordMatches"
"1. Авторизовался в приложении
2. Выбрал временной интервал от 01-01-2020 23:00 до 07-10-2025 00:00
3. Перешел к агрегату БКПРУ-4/СОФ/РВК ""Б""/Насосное оборудование/4.2-2G08
4. Модуль Схема окно Данные измерений вид График
5. Выбран параметр Замеры тип измерения Спектр
6. Выбран параметр Замеры тип измерения Форма сигнала
7. Выбран параметр Замеры тип измерения Тренд
8. Выбран параметр Замеры тип измерения Орбита","12738","testMeasurementDataGraphParametersMeasurementType","Мультибраузерное тестирование","Thu Feb 12 05:05:47 UTC 2026","broken","Thu Feb 12 05:05:59 UTC 2026","tests.SchemaTest","Браузер Yandex","tests.SchemaTest","testMeasurementDataGraphParametersMeasurementType"
"1. Авторизовался в приложении
2. Выбрал временной интервал от 01-01-2020 23:00 до 07-10-2025 00:00
3. Перешел к станции БКПРУ-4/СОФ/РВК ""Б""/Насосное оборудование
4. Модуль Схема
5. Перешел в модуль Аналитика
6. Выбрал шаблон Статистика агрегатов по заключениям
7. Построены диаграммы
8. Выбрал тип отображения Таблица
9. Построены таблицы","24193","testDashboardDownloads","Мультибраузерное тестирование","Thu Feb 12 05:00:52 UTC 2026","passed","Thu Feb 12 05:01:16 UTC 2026","tests.AnalyticsTest","Браузер Yandex","tests.AnalyticsTest","testDashboardDownloads"
"Проверка поля Пароль на sql инъекцию на странице Логин","1420","testSqlInjectionFieldPassword","Мультибраузерное тестирование","Thu Feb 12 05:11:06 UTC 2026","passed","Thu Feb 12 05:11:07 UTC 2026","tests.SecuritySqlInjectionTest","Браузер Yandex","tests.SecuritySqlInjectionTest","testSqlInjectionFieldPassword"
"Проверка видимости пароля (иконка 'глаз') на странице Login","2763","testCheckingPasswordVisibility","Мультибраузерное тестирование","Thu Feb 12 04:22:02 UTC 2026","passed","Thu Feb 12 04:22:05 UTC 2026","tests.AuthLoginTest","Браузер Chrome","tests.AuthLoginTest","testCheckingPasswordVisibility"
"Новый пароль содержит запрещённое слово (например, Moscow)","0","testNewPasswordNotContainForbiddenWord","Мультибраузерное тестирование","Thu Feb 12 04:41:08 UTC 2026","unknown","Thu Feb 12 04:41:08 UTC 2026","tests.SetNewPasswordTest","Браузер Edge","tests.SetNewPasswordTest","testNewPasswordNotContainForbiddenWord"
"Проверить, что можно выбрать интервал 'За выбранный интервал'","11283","testSelectCustomRange","Мультибраузерное тестирование","Thu Feb 12 04:39:08 UTC 2026","passed","Thu Feb 12 04:39:20 UTC 2026","tests.TimeIntervalPannelTest","Браузер Chrome","tests.TimeIntervalPannelTest","testSelectCustomRange"
"1. Авторизовался в приложении
2. Выбрал временной интервал от 01-01-2020 23:00 до 07-10-2025 00:00
3. Перешел к агрегату БКПРУ-4/СОФ/РВК ""Б""/Насосное оборудование/4.2-2G28
4. Модуль Схема окно Данные измерений тип измерения Тренд вид Таблица
5. Выбран параметр Оборотные перехожу с График на Таблица
6. Выбран параметр Оборотные и параметр Параметры перехожу с График на Таблица
7. Нахожусь на Таблица, выбираю один из Замеры, перехожу на График
8. Перехожу на Таблица, выбираю один из Замеры с несколькими точками, перехожу на График","93665","testMeasurementDataTableParametersTrend","Мультибраузерное тестирование","Thu Feb 12 04:27:41 UTC 2026","passed","Thu Feb 12 04:29:15 UTC 2026","tests.SchemaTest","Браузер Chrome","tests.SchemaTest","testMeasurementDataTableParametersTrend"
"Ввод неверного логина или пароля","1439","testEnterIncorrectLoginOrPassword","Мультибраузерное тестирование","Thu Feb 12 04:22:35 UTC 2026","passed","Thu Feb 12 04:22:36 UTC 2026","tests.AuthLoginTest","Браузер Chrome","tests.AuthLoginTest","testEnterIncorrectLoginOrPassword"
"Проверка работы пользовательского временного интервала","17811","testReceivingDataForShiftEvents","Мультибраузерное тестирование","Thu Feb 12 05:17:26 UTC 2026","passed","Thu Feb 12 05:17:44 UTC 2026","tests.TimeIntervalPannelTest","Браузер Yandex","tests.TimeIntervalPannelTest","testReceivingDataForShiftEvents"
